"truncate","text-neutral-content-weak","py-0","py-0 2","py-0 3","py-0 4","py-0 5","py-0 6","text-neutral-content-weak 3","py-0 8","py-0 9","py-0 10","text-neutral-content-weak 4","flex href 3","truncate 3","inline-block 3","text-neutral-content-weak href 3","text-neutral-content-weak 5","py-0 11","min-w-0 3","text-neutral-content-weak 6","button href","flex href 4","me-[2px] 2","me-[2px] 3","me-[2px] 4","me-[2px] 5","button href 3","me-[2px] 11","overflow-hidden href 6","truncate 6","inline-block 6","text-neutral-content-weak href 6","text-neutral-content-weak 12","min-w-0 6","text-neutral-content-weak 13"
"DeltaBot","hace 8 m","(OP) ha otorgado 1 delta(s) en este post.","Todos los comentarios que ganaron deltas (del OP u otros usuarios) están listados , en .","Por favor, ten en cuenta que un cambio de opinión no significa necesariamente una reversión, o que la conversación ha terminado.","|","","","","","","","","","","","","","","","","","","","","","","","","","","","","","",""
"quantum_dan","hace 8 m","Para la gran mayoría de la población,  a personas muy inteligentes y bien informadas, esto no es una cuestión de capacidad, sino de inclinación (específica del tema). Todo el mundo racionaliza, nadie tiene una comprensión profunda de todo, y casi todos son susceptibles a las frases cortas y la propaganda. Una fracción de la población es genuinamente incapaz de entender temas con matices, pero muchos más simplemente no se molestan con varios temas. ¿Tienes opiniones con matices y bien informadas sobre todo lo político? ¿ las tiene?","Profundizar en temas políticos complejos (todos los relevantes) a un nivel profundo sería un trabajo de tiempo completo en sí mismo, si no el equivalente a varios trabajos de tiempo completo.","Combina los dos criterios, y efectivamente estás pidiendo limitar el voto al subconjunto de los ricos ociosos que también son grandes nerds de la política, o a un grupo similarmente homogéneo. Ese grupo no va a tomar buenas decisiones para todos porque cada grupo, sin importar cuán inteligente y bien informado sea, está sujeto a sesgos internos y al interés propio.","Hay una parte significativa de la población que simplemente no tiene la capacidad de comprender temas difíciles y con matices. En cambio, tienen una comprensión superficial y se dejan influenciar fácilmente por frases ingeniosas y propaganda partidista.","incluyendo","Alguien","hace 8 m","!delta","Creo que tenés razón sobre el alcance total de la comprensión. No era mi intención decir que necesitan entender completamente todos o incluso la mayoría de los temas políticos, sino más bien, que tienen la capacidad de entenderlos y comprenderlos. Supongo que eso abre otro montón de problemas.","Otorgando el delta por señalar el sesgo persistente y egoísta que es probable que se forme. Aunque, no creo que necesariamente se forme. Es posible que haya una distribución de gente muy inteligente que también es pobre, de clase media baja, etc. Aún así, esto es lo más cerca que alguien ha estado de cambiar mi opinión en los comentarios.","1","https://www.reddit.com/user/DeltaBot/","DeltaBot","•","https://www.reddit.com/r/changemyview/comments/1pijh5r/comment/nt6sxrw/?tl=es-419","hace 8 m","Confirmado: 1 delta otorgado a  ().","SML.load([""Ba0yFxR2Ju"",""BxkNG20Zxx"",""Dd8Mp-ATrL"",""DJq9gPbnVv""], 'es-MX/', 'auto');","1","https://www.reddit.com/r/changemyview/comments/1pijh5r/comment/nt6sucu/?tl=es-419&force-legacy-sct=1","https://www.reddit.com/user/Altruistic_Point_834/","Seguir leyendo este hilo","","","","","","","","","","","",""
"Thumatingra","hace 8 m","Si limitas el voto a ciertas poblaciones, el gobierno se va a enfocar en los intereses de esas poblaciones e ignorará al resto, porque no les rinden cuentas.","Así que, si limitas el voto solo a los que aprueban algún tipo de prueba cognitiva, es poco probable que el gobierno haga algo por los que no la aprueban, que son los que, probablemente, más necesitan los servicios del gobierno (educación, salud mental).","Además, ¿quién va a componer esa prueba y cómo se va a hacer que no tenga sesgos? Sabemos que los primeros carros que se conducían solos eran propensos a atropellar a gente negra, porque su muestra de entrenamiento para ""gente"" a evitar estaba abrumadoramente sesgada hacia los blancos, y literalmente no reconocían a la gente negra como ""gente"". ¿Cómo evitamos que la prueba tenga puntos de referencia que midan la ""capacidad cognitiva"" de maneras que favorezcan ciertos orígenes y desfavorezcan a otros?","No me encanta el sistema, pero la alternativa sería peor. La respuesta no es restringir el voto, sino ampliar la educación.","¿Que todos sean escuchados está perjudicando a la nación porque no votan como vos querés?","No exactamente. Aunque entiendo tu comentario como ""no votar por el candidato/partido/política que prefieres"", también podría entenderlo como ""no considerar las implicaciones políticas"". Lo primero no es por lo que diría que está perjudicando a la nación en general, pero lo segundo sí es por lo que diría que está perjudicando a la nación en general. Para responder a tu pregunta: depende de lo que realmente estabas preguntando.","hace 8 m","No todos tienen la misma capacidad cognitiva. Es posible que haya patrones que surjan de los grupos, pero el problema en cuestión es la resolución de problemas y las habilidades de comprensión matizadas. El punto no es hacer que todo sea igual y hacer que todos sean escuchados. Mi premisa principal es que hacer que todos sean escuchados está perjudicando a la nación en general.","Tienes un buen punto al señalar el ""atender"" solo a aquellos que son elegibles para votar. Sin embargo, si la población está bien distribuida, entonces sería difícil enfocarse en ellos. ¿Cómo atenderían a estas personas?","Si responden al azar, básicamente ya no están teniendo ningún efecto.","4","https://www.reddit.com/user/j3ffh/","j3ffh","•","https://www.reddit.com/r/changemyview/comments/1pijh5r/comment/nt6oo2v/?tl=es-419","hace 8 m","Digamos, por ejemplo, que todo un estado, al que llamaremos Lalabama porque es completamente inventado, tiene peores resultados educativos. ¿Deberíamos, como nación, dejar que esa región se venga abajo por completo solo porque no votan? ¿No deberían seguir teniendo carreteras, electricidad y agua corriente? Si un huracán golpea allí, ¿quién votará a favor de asignarles ayuda, especialmente si son de un estado vecino que compite por los mismos dólares de ayuda?","SML.load([""Ba0yFxR2Ju"",""BxkNG20Zxx"",""Dd8Mp-ATrL"",""DJq9gPbnVv""], 'es-MX/', 'auto');","3","https://www.reddit.com/r/changemyview/comments/1pijh5r/comment/nt6rnk5/?tl=es-419&force-legacy-sct=1","https://www.reddit.com/user/standarduser8/","Seguir leyendo este hilo","respuesta más","1","respuesta más","https://www.reddit.com/r/changemyview/comments/1pijh5r/comment/nt6oo2v/?tl=es-419&force-legacy-sct=1","Seguir leyendo este hilo","[object Object]","standarduser8","•","https://www.reddit.com/r/changemyview/comments/1pijh5r/comment/nt6v010/?tl=es-419","hace 8 m","SML.load([""Ba0yFxR2Ju"",""BxkNG20Zxx"",""Dd8Mp-ATrL"",""DJq9gPbnVv""], 'es-MX/', 'auto');","0"
"ahkian","hace 8 m","El problema es quién decide quién se ganó el voto y quién no. Digamos que tu país está gobernado por un fascista y son ellos los que deciden quién vota. Simplemente decidirán que solo su gente vote. Básicamente, lo que digo es que quitarle el voto a ciertos tipos de ciudadanos es abrir la caja de Pandora.","Así que, aunque sí veo los problemas que mencionas, tu solución es peor que el problema. Si queremos abordar estos problemas, lo correcto sería mejorar la educación cívica, limitar la cantidad de dinero que se puede gastar en anuncios políticos, eliminar los super PACs y darle a la gente el día libre del trabajo el día de las elecciones.","","","","","hace 8 m","Podría aceptar tu primer párrafo si no fuera por la historia del voto en Estados Unidos. Empezaron con solo hombres blancos propietarios de tierras teniendo el voto. Eso ha progresado con el tiempo hasta que todos los ciudadanos tienen el voto. Lo cual sería evidencia para el caso de que cuando grupos pequeños tienen el voto, lo abren a otros con el tiempo, asumiendo la capacidad.","Para el segundo: La cantidad de dinero gastado en política se debe principalmente a la efectividad del marketing. No es dinero gastado para exponer políticas detalladas y responder preguntas aburridas sobre las condiciones económicas. Son frases pegadizas y chistes. No creo que sea una falta de educación cívica, ya que muchos estudiantes en clase de civismo sienten que están viendo secar la pintura. Simplemente no tiene sentido para ellos y no ven el valor.","","0","","","","","","","","","","","Seguir leyendo este hilo","","","","","","","","","","","",""
"[borrado]","hace 8 m","","","","","","","","","","","","","","","","","","","","","","","10","respuestas más","10","","","","","","","","",""
"Conscious_Yam_4753","hace 8 m","Digamos que tenemos una prueba de competencia. ¿Crees que las personas que reprueban la prueba de competencia se ven, en promedio, más o menos afectadas por las políticas gubernamentales en su vida diaria?","","","","","Creo que su intención era asegurar un resultado similar y, según sus cálculos, esa era la mejor aproximación. Hoy en día, creo que estamos totalmente en desacuerdo con que sea la mejor aproximación para la competencia, sino que una evaluación cognitiva es una herramienta mejor.","hace 8 m","Creo que son menos capaces de tomar decisiones que lleven a un buen gobierno. Aunque les afecta a todos por igual, no tienen la capacidad de identificar decisiones políticas que resulten en beneficios para la nación en su conjunto.","","","1","https://www.reddit.com/user/Conscious_Yam_4753/","Conscious_Yam_4753","•","https://www.reddit.com/r/changemyview/comments/1pijh5r/comment/nt6t3ly/?tl=es-419","hace 8 m","La Constitución original de los Estados Unidos usaba ""hombre blanco propietario de tierras"" como prueba de competencia. ¿Qué, si es que hay algo, te molesta de eso?","SML.load([""Ba0yFxR2Ju"",""BxkNG20Zxx"",""Dd8Mp-ATrL"",""DJq9gPbnVv""], 'es-MX/', 'auto');","2","https://www.reddit.com/r/changemyview/comments/1pijh5r/comment/nt6onb7/?tl=es-419&force-legacy-sct=1","https://www.reddit.com/user/standarduser8/","Seguir leyendo este hilo","","","","https://www.reddit.com/r/changemyview/comments/1pijh5r/comment/nt6t3ly/?tl=es-419&force-legacy-sct=1","Seguir leyendo este hilo","[object Object]","standarduser8","•","https://www.reddit.com/r/changemyview/comments/1pijh5r/comment/nt6u6t7/?tl=es-419","hace 8 m","SML.load([""Ba0yFxR2Ju"",""BxkNG20Zxx"",""Dd8Mp-ATrL"",""DJq9gPbnVv""], 'es-MX/', 'auto');","1"
"NaturalCarob5611","hace 8 m","Es fácil subestimar lo difícil que es escribir una prueba imparcial, especialmente cuando hay poder que ganar al introducir sesgos.","Yo antes trabajaba para una empresa que desarrollaba exámenes estandarizados para evaluar cómo les iba a los estudiantes en las escuelas. La cantidad de esfuerzo que se invertía para asegurarse de que las pruebas fueran imparciales era astronómica. Cosas como hacer una pregunta de matemáticas sobre el pasaje de avión en lugar del pasaje de autobús podían demostrar que perjudicaban a los estudiantes más pobres que nunca habían tomado un avión. Podrías tener exactamente los mismos números en el problema de matemáticas, pero reemplazar la palabra ""avión"" con la palabra ""autobús"" y un número estadísticamente significativo de estudiantes lo harían mejor en la pregunta. Y para evaluar esto, construían la prueba principalmente con preguntas que habían sido previamente revisadas, luego incluían un puñado de preguntas nuevas que estaban tratando de evaluar para la equidad que no impactarían las calificaciones de los estudiantes en la prueba, pero les proporcionarían información sobre si las nuevas preguntas fueron formuladas de manera justa.","Fue un gran esfuerzo y gasto obtener preguntas imparciales, y eso es cuando no hay incentivo financiero o incentivo político para introducir sesgos. Ahora imagina a las personas que escriben las preguntas sintiendo que el mundo sería mejor si ciertos tipos de personas votaran más que otros tipos de personas. Tal vez no sean designados partidistas, son solo personas comunes y corrientes con preferencias políticas regulares y la capacidad de poner su dedo en la balanza al elaborar la prueba de acuerdo con sus inclinaciones políticas.","vs","¿Cómo aseguras una prueba justa? No puedes hacer una simple gesticulación sobre esto; es la parte más difícil del problema.","Así que, le eché un ojo a la página y busqué estudios para ver. Pero no encontré nada que apoyara el cambio de una palabra. Parece que se enfoca más en la presentación lingüística general y en números confusos.","hace 8 m","Eso de ninguna manera perjudica a los estudiantes pobres, asumiendo que no se requiere conocimiento especializado para la respuesta como ""Oh, olvidaste calcular el impuesto aeroportuario en el costo del vuelo"". Pero, si la información relevante está incluida en la pregunta, entonces eso es más una consideración de sentimientos que un problema de sesgo lógico. Si me estás diciendo que usar ""autobús"" en lugar de ""avión"" o ""ohasdofbweobu"" hace que los estudiantes resuelvan más problemas de matemáticas incorrectamente, entonces quiero evaluar ese estudio. Algo más debe estar causando el problema, ya que el objeto descrito, que no tiene relación con el problema, no debería estar afectando la capacidad de resolver el problema. Muy escéptico.","""¿Cuál es el 75% de 500?""","La primera se consideraría sesgada por el enfoque contextual de DIF, ya que se basa en analizar mucha información que se considera irrelevante para la pregunta que se hace. La segunda pregunta no estaría sesgada, ya que pide la misma información de una manera más directa.","0","https://www.reddit.com/user/NaturalCarob5611/","NaturalCarob5611","•","https://www.reddit.com/r/changemyview/comments/1pijh5r/comment/nt70knh/?tl=es-419","hace 8 m","Checa . No es un solo estudio, es toda un área de investigación con un montón de datos que la respaldan.","SML.load([""Ba0yFxR2Ju"",""BxkNG20Zxx"",""Dd8Mp-ATrL"",""DJq9gPbnVv""], 'es-MX/', 'auto');","2","https://www.reddit.com/r/changemyview/comments/1pijh5r/comment/nt6rg21/?tl=es-419&force-legacy-sct=1","https://www.reddit.com/user/standarduser8/","Seguir leyendo este hilo","","","","https://www.reddit.com/r/changemyview/comments/1pijh5r/comment/nt70knh/?tl=es-419&force-legacy-sct=1","Seguir leyendo este hilo","[object Object]","standarduser8","•","https://www.reddit.com/r/changemyview/comments/1pijh5r/comment/nt74mjv/?tl=es-419","hace 8 m","SML.load([""Ba0yFxR2Ju"",""BxkNG20Zxx"",""Dd8Mp-ATrL"",""DJq9gPbnVv""], 'es-MX/', 'auto');","0"
"Rainbwned","hace 8 m","¿Vos qué creés que es el propósito de votar? ¿Es para que todos puedan decir lo que piensan sobre quién quieren, o es para poner al mejor candidato posible en el puesto?","¿Cómo mides la prosperidad?","","¿Liderando la nación dónde?","¿Crees que hay un ""mejor"" claro y universal cuando se trata de temas? No solo a nivel nacional, sino también local.","¿Crees que la gente inteligente considera las necesidades de la persona pobre con discapacidades? Claro que sí, muchos lo hacen. No les quita la representación a esas personas, sino que la pone en manos de quienes son capaces de entender las decisiones que se están tomando.","hace 8 m","Se trata de elegir al candidato más adecuado para liderar la nación. El que esté mejor preparado para manejar las complejidades que el cargo requiere y mejorar la vida de los ciudadanos del país.","No creo que el propósito de votar sea la autoexpresión, pero sí creo que mucha gente se siente así, lo que creo que solidifica mi punto.","Esa es una discusión ridícula, francamente. Creo que tú crees eso. Pero estás bien equivocado. Es como decir ""no necesitamos que ninguna mujer testifique en nuestra audiencia sobre el acceso al aborto, porque los hombres del comité tienen el mejor interés de las mujeres en el corazón"". Tal vez sí, pero por dios, qué despistados estarán en su intento de servir a esas mujeres.","-1","https://www.reddit.com/user/maxpenny42/","maxpenny42","•","https://www.reddit.com/r/changemyview/comments/1pijh5r/comment/nt6kr8g/?tl=es-419","hace 8 m","Ok, ¿pero para quién es mejor esto? Una persona pobre con discapacidades seguramente tiene una idea diferente de lo que necesita del gobierno que un multimillonario. ¿Cómo esperas servir los intereses de la mayoría o de todas las personas si no recibes información de todos?","SML.load([""0g5Quykjro"",""C2KyTPd8BL"",""DB1J0VYcB_"",""nzZU3BYMA2""], 'es-MX/', 'auto');","4","https://www.reddit.com/r/changemyview/comments/1pijh5r/comment/nt6j2gg/?tl=es-419&force-legacy-sct=1","https://www.reddit.com/user/standarduser8/","Seguir leyendo este hilo","Seguir leyendo este hilo","","","https://www.reddit.com/r/changemyview/comments/1pijh5r/comment/nt6kr8g/?tl=es-419&force-legacy-sct=1","Seguir leyendo este hilo","[object Object]","standarduser8","•","https://www.reddit.com/r/changemyview/comments/1pijh5r/comment/nt6w7gd/?tl=es-419","hace 8 m","SML.load([""0g5Quykjro"",""C2KyTPd8BL"",""DB1J0VYcB_"",""nzZU3BYMA2""], 'es-MX/', 'auto');","1"
"jimmytaco6","hace 8 m","Esto se ha publicado 5 millones de veces y la respuesta a la que gente como tú nunca parece tener una respuesta es:","¿Cómo se elabora esta prueba cognitiva, quién decide qué incluye y cómo se evita que se use para discriminar? Por favor, busca en Google la historia de las pruebas de alfabetización y las elecciones en Estados Unidos. No es bonita.","Hay formas sencillas de hacer esto, como limitar el voto a quienes hayan terminado la secundaria.","Esto penaliza a la gente que pudo haber dejado la escuela por razones ajenas a su control.","Creo que esto es mucho más difícil de lo que crees.","Si estamos decididos a hacer una prueba, no es tan difícil establecer preguntas basadas en información objetiva y relevante que limiten el sesgo.","hace 8 m","El punto de la prueba es discriminar a los que no son capaces de un cierto nivel de pensamiento crítico. Hay formas sencillas de hacer esto, como limitar el voto a los que han terminado la secundaria.","Si estamos decididos a hacer una prueba, no es tan difícil establecer preguntas basadas en información objetiva y relevante que limiten el sesgo. Las preguntas podrían ser elegidas por un organismo académico independiente, auditadas por funcionarios electos y impugnadas por los ciudadanos en los tribunales si presentan un sesgo.","Asumo que te refieres a que nadie ha dado una respuesta que cumpla con tus expectativas.","-6","https://www.reddit.com/user/dbandroid/","dbandroid","•","https://www.reddit.com/r/changemyview/comments/1pijh5r/comment/nt6kx8c/?tl=es-419","hace 8 m","La vida no es un videojuego. Las habilidades de la gente no tienen niveles discretos que sean fáciles de diferenciar.","SML.load([""Ba0yFxR2Ju"",""BxkNG20Zxx"",""Dd8Mp-ATrL"",""DJq9gPbnVv""], 'es-MX/', 'auto');","5","https://www.reddit.com/r/changemyview/comments/1pijh5r/comment/nt6jbar/?tl=es-419&force-legacy-sct=1","https://www.reddit.com/user/standarduser8/","Seguir leyendo este hilo","respuesta más","1","respuesta más","https://www.reddit.com/r/changemyview/comments/1pijh5r/comment/nt6kx8c/?tl=es-419&force-legacy-sct=1","Seguir leyendo este hilo","[object Object]","CougdIt","•","https://www.reddit.com/r/changemyview/comments/1pijh5r/comment/nt6lq73/?tl=es-419","hace 8 m","SML.load([""Ba0yFxR2Ju"",""BxkNG20Zxx"",""Dd8Mp-ATrL"",""DJq9gPbnVv""], 'es-MX/', 'auto');","1"
"W8andC77","hace 8 m","Una prueba cognitiva que se toma anualmente no abordaría tu segundo problema relacionado con el tiempo.","","","","","","hace 8 m","Sería, o sea, si uno no tiene tiempo para ir a hacer el examen, probablemente no tiene tiempo para considerar los problemas. Pero, el tiempo es el más complicado y no estoy seguro de que eso siquiera lo aborde.","","","1","","","","","","","","","","","Seguir leyendo este hilo","","","","","","","","","","","",""
"CartographerKey4618","hace 8 m","¿Así que te parece bien que la gente más tonta de la sociedad no tenga otra forma de influir en el gobierno que la violencia?","","","","","","","","","","","","","","","","","","","","","Seguir leyendo este hilo","4","respuestas más","4","","","","","","","","",""
"Pasadenaian","hace 8 m","¿La gente no debería poder votar porque cae en la propaganda? ¿Has pensado que ese no es realmente el problema? El problema podría ser el gran dinero/intereses especiales que difunden propaganda: esa es la causa raíz.","","","","","","","","","","","","","","","","","","","","","Seguir leyendo este hilo","1","respuesta más","1","","","","","","","","",""
"[borrado]","hace 8 m","","","","","","","","","","","","","","","","","","","","","","","4","respuestas más","4","","","","","","","","",""
"Hellioning","hace 8 m","¿Quién hace estas pruebas, y cómo se aseguran de que no se conviertan en 'todos los que están de acuerdo con los que están en el poder son lo suficientemente inteligentes como para votar, todos los que no están de acuerdo son demasiado tontos para votar'?","","","","","","","","","","","","","","","","","","","","","Seguir leyendo este hilo","4","respuestas más","4","","","","","","","","",""
"[borrado]","hace 8 m","","","","","","","","","","","","","","","","","","","","","","","8","respuestas más","8","","","","","","","","",""
"robdingo36","hace 8 m","La ignorancia que el OP está mostrando hacia la comprensión básica de que todos tienen derecho a votar y que no debe ser infringido, significa que ya no deberían poder votar porque no son lo suficientemente inteligentes para hacerlo.","Es bien atrevido hacer semejante afirmación, ¿no? Ahora imagina que le acabas de dar al gobierno el poder de quitarle esos derechos a grupos enteros de personas. ¿Ah, tus senadores y representantes estatales están votando en contra del presidente? Bueno, supongo que eso solo significa que toda la gente de ese estado no es lo suficientemente inteligente como para haber votado por un político 'adecuado', así que ahora ninguno de ellos puede votar en las elecciones federales.","Oh, eres un inmigrante que se ganó la ciudadanía, ¿pero de dónde vienes? Todos son idiotas y criminales que vienen de allá, así que tú tampoco puedes votar.","","Cuando el gobierno controla quién puede o no votar, entonces tiene control total sobre el gobierno. Por eso el derecho al voto es para todos y no debe ser infringido.","","","","","","","","","","","","","","","","","","","","","","","","","","","","",""
"XenoRyet","hace 8 m","El problema número uno al considerar quitarle el derecho al voto a grupos de personas basándose en su capacidad es: ¿Quién decide?","Históricamente, cada vez que se ha intentado algo así, termina siendo instantáneamente y completamente abusado para que un grupo de élite retenga el poder, y terminas con una situación mucho peor que la que causan los votantes no completamente informados.","Y de alguna manera puedes ver cómo funcionaría eso, incluso si no lo pretendes. Casi todo el mundo piensa que hay una elección ""correcta"" al votar, y cree que si la oposición solo lo mirara un poco más a fondo, o estuviera un poco más educada sobre el tema, llegaría a la misma respuesta ""correcta"". Así que ves que se vuelve muy difícil diseñar cualquier tipo de prueba objetiva.","","Luego, en cuanto al tiempo, la gente que está trabajando duro y tiene familias, causando las limitaciones de tiempo que mencionas, son exactamente las personas que más necesitan que se escuchen sus voces en un proceso democrático. Si vas a excluirlos y solo decirles qué es lo mejor para ellos, podrías deshacerte de la democracia por completo y establecer una oligarquía formada por quienes crees que son las élites de este grupo que crees que está mejor posicionado para retener el voto.","","","","","","","","","","","","","","","","","","","","","","","","","","","","",""
"SteakAndIron","hace 8 m","Ciertas demografías rutinariamente sacan muy bajo en las pruebas de capacidad cognitiva. Gente negra de barrios marginales. Gente que creció en hogares monoparentales, los pobres, etc. Las pruebas de derechos de voto han existido en el pasado y se han usado una y otra vez para discriminar contra cualquier grupo que los poderes existentes quieran discriminar.","","","","","","","","","","","","","","","","","","","","","Seguir leyendo este hilo","5","respuestas más","5","","","","","","","","",""
"MeanestGoose","hace 8 m","Imaginemos, por un momento, que toda la gente entiende los problemas y las diferencias políticas. Si eso fuera cierto, ¿qué pasaría?","Ciertamente no estaríamos de acuerdo, porque la idea de que hay una idea ""mejor"" objetiva y universal no se corresponde con la realidad.","Tomemos las redadas del ICE que están ocurriendo en los Estados Unidos ahora mismo. Aborrezco y me avergüenza que muchas de estas redadas se estén haciendo de la manera más cruel, insensible y violenta posible. Me horroriza que algunas de estas redadas estén capturando a personas en ceremonias de naturalización después de que han hecho todo de la manera ""correcta"". Hay mucha gente con el mismo nivel de comprensión de los problemas que yo que piensa que la crueldad es una característica, no un error.","","Los hechos son hechos, pero los valores informan cómo respondemos a esos hechos.","Estoy seguro de que hay gente en la Heritage Foundation que está mejor educada que yo. Resulta que creo que tienen valores basura. ¿Quién decide si puedo pensar críticamente lo suficientemente bien como para votar? ¿Quién decide la diferencia entre entender un problema críticamente y no entenderlo lo suficientemente bien?","","En el escenario de la publicación original, en lugar de argumentar ante el público votante en general, todo lo que un aspirante a líder tendría que hacer es averiguar cómo influir en las 14 personas (o las que sean) que deciden qué cuenta como conocimiento de los problemas y demostración de habilidades de pensamiento crítico. ""¡Uy, escribiste que los indocumentados pagan impuestos, así que digo que no puedes votar!""","","","","","","","","","","","","","","","","","","","","","","","","","",""
"[borrado]","hace 8 m","Dices que solo esperas razonamiento básico y resolución de problemas, pero exiges un examen anual y propones soluciones a problemas que ni siquiera existen y que ni siquiera son realistas. No tienes derecho a votar.","","","","","","","","","","","","","","","","","","","","","","","","","","","","","","","","",""
"Disorderly_Fashion","hace 8 m","Ya hemos visto este argumento antes y voy a responder de la misma manera que la última vez.","Una vez que declaras que ciertas personas no son elegibles para votar, las haces desechables. Los funcionarios electos ya no tienen que tenerlas en cuenta porque no son responsables ante ellas. Deja a los no elegidos a la deriva. Puede que no quieras que la gente estúpida tenga tanta voz como tú, pero tal vez la solución sea apoyar la educación y las iniciativas destinadas a informar adecuadamente a las poblaciones de por qué están votando realmente antes de que vuelvan a votar en contra de sus propios intereses. Fantástico en este clima político, lo sé, pero de alguna manera mucho menos loco que decir que a algunas personas no se les debería permitir votar en función de su educación.","Hablando de educación, ¿quién establece ese estándar? ¿Cómo se mide? ¿Quizás a través de exámenes? Como, digamos, ¿pruebas de alfabetización? Sí, ya hemos visto esto antes. Lo que estás proponiendo es el Jim Crowing del país con pasos adicionales.","","La gente que sube la escalera detrás de ellos nunca espera ser pateada espartanamente de vuelta al hoyo.","","","","","","","","","","","","","","","","","","","","","","","","","","","","",""
"betterworldbuilder","hace 8 m","Como alguien que ha argumentado rutinariamente a favor de exámenes de competencia electoral creados por una organización no partidista de terceros, entiendo tus frustraciones.","Personalmente, creo que cada ciudadano calificado debería tener derecho a votar, y simplemente necesitamos ajustar los requisitos. Por ejemplo, asumo que no incluyes a menores de 18 años y quizás a delincuentes en tu ejemplo, por razones obvias. Entonces, diría que a menos que tu objetivo sea convencerte de que los niños de 5 años deberían votar, tu premisa es infalsificable hasta que se acerque más a mi terreno.","Cada ciudadano, independientemente de su edad, debería tener acceso completo y gratuito a una clase de educación electoral, proporcionada por el gobierno a cada condado/precinto, para aprender a aprobar un examen de competencia electoral, que se convertiría en parte del registro para votar. Estos exámenes se realizarían 3-6 meses antes de la elección, y la gente tendría un día libre estatal/pagado para ir a tomar el examen en el transcurso de un mes.","","Lo que estaría en el examen incluiría las diferentes ramas del gobierno y sus funciones principales, quizás algunos de los principales campos legales y qué rama (federal, estatal o local) es responsable de gestionarlo. También podrías tener que saber quiénes son tus representantes en algunos niveles diferentes, así como cómo contactarlos. Este examen no incluiría preguntas partidistas como la postura que un votante pueda tener sobre un tema en particular, pero podría incluir preguntas formuladas como ""Según la constitución, X es verdadero o falso/legalmente permitido"" en términos de drogas, armas, abortos, derechos civiles, derechos personales y libertades, etc., para garantizar que, independientemente de si la gente está de acuerdo con la constitución, puedan reconocer lo que realmente dice y cómo se interpreta. También podría incluir tal vez algunos casos históricos decididos por la Corte Suprema, o una revisión de alguna de la legislación aprobada por el congreso en los últimos 4 años. Hay muchas cosas para elegir.","Este examen no sería necesariamente fácil, pero no requeriría más de un 60% para aprobar (aunque, en realidad, todos los que completen la escuela secundaria o aprueben un examen de ciudadanía ya deberían saber cerca del 100%). Aquellos que no aprueben podrían volver a tomarlo cada año, y todos, independientemente de si lo aprobaron, estarían obligados a ser reacreditados cada 4-8 años (aún indeciso, pero no debería durar para siempre y no debería ser obligatorio para cada elección).","","No creo que esto vaya a cambiar tu punto de vista por así decirlo, porque esperabas un argumento de que incluso el joven de 19 años más tonto debería tener derecho a votar. Trump nos ha demostrado claramente por qué esto es problemático. No creo que pagar impuestos tenga o deba tener nada que ver con eso, porque muchos jóvenes de 16 años presentan impuestos, muchos delincuentes presentan impuestos, muchos no ciudadanos presentan impuestos, y muchas personas que no trabajan en un trabajo tradicional (como cuidar a un familiar) por lo tanto no pagan impuestos, pero deberían ser elegibles para votar. Eso ni siquiera incluye todos los impuestos que la gente paga que no son sobre la renta, como los impuestos sobre las ventas, un impuesto sobre el carbono en la gasolinera, los impuestos de importación para bienes extranjeros, etc., etc.","","","","","","","","","","","","","","","","","","","","","","","","","",""
"eggynack","hace 8 m","Entonces, ¿este grupo grande de gente que no puede votar, todavía tiene que pagar impuestos? ¿Todavía tienen que rendir cuentas a nuestras leyes? ¿Por qué, exactamente, deberían estar bajo la autoridad de un sistema en el que no tienen voz ni voto?","","","","","","","","","","","","","","","","","","","","","","","","","","","","","","","","",""
"Vesurel","hace 8 m","¿Qué tan informado tenés que estar para votar en contra de la persona que quiere que tu sexualidad sea castigada con la muerte?","¿Qué esperás que haga la gente a la que le negás el voto cuando quiere que las cosas cambien?","","","","","","","","","","","","","","","","","","","","","","","","","","","","","","","",""
"irishtwinsons","hace 8 m","Los buenos candidatos también pueden usar marketing inteligente. ¿Por qué crees que los malos candidatos tienen ventaja con esto? El hecho de que el sistema obligue a los candidatos a comunicarse de una manera que sea atractiva y conveniente para sus votantes demuestra que siempre tendrán que trabajar para agradar a la gente y, esencialmente, si quieren educar, tienen que ser ingeniosos al respecto. Esto asegura que los candidatos que son malos para educar/conectar con la gente se caigan del poder. No quieres a alguien dirigiendo el barco que no pueda explicar correctamente a dónde va, o peor aún, que no sienta que necesita hacerlo. Todavía puedes tener como resultado un líder de mierda, sí, pero eso solo significa que las alternativas no fueron lo suficientemente buenas para conectar con la gente, no significa que las alternativas  ser buenas para conectar con la gente. No hay ninguna barrera que impida que los buenos líderes sean igual de pegadizos con sus frases cortas en comparación con los malos líderes. Sí, priorizar el entretenimiento no es exactamente el enfoque correcto con temas serios, pero las alternativas a darle un voto a cada ciudadano son mucho peores.","","","","no puedan","","","","","","","","","","","","","","","","","","","","","","","","","","","","",""
"gate18","hace 8 m","Todo el mundo carece de esa capacidad. Steve Jobs - ya sabes, el rico e inteligente - murió porque carecía de esa capacidad.","Un montón de gente inteligente estaba a favor de que Hitler matara judíos","O nunca dar a la gente lo que quiere","Hay una parte significativa de la población que simplemente no tiene la capacidad de comprender temas difíciles y con matices.","Por ejemplo, ¿son los estadounidenses demasiado estúpidos como para no querer atención médica gratuita para ellos mismos?","Su democracia simplemente no la ofrece","","si solo el 20% de los estadounidenses pudieran votar, adivina qué tendrás:","Si tienes un grupo de 100 votantes y 80 de ellos pueden ser influenciados por un marketing inteligente, pero 20 quieren un análisis detallado del plan","A veces ganan los demócratas,","","","","","","","A veces ganan los demócratas,","","","","","","","","","","","","","","","","",""
"TemperatureThese7909","hace 8 m","Acabas de explicar por qué tenemos representación en lugar de que los votantes voten cada ley individualmente.","No se espera que los votantes conozcan cada política, no tienen tiempo ni experiencia. Pero sí saben en quién confían. Saben en quién confían para dedicar tiempo a aprender y adquirir la experiencia necesaria para formarse una opinión informada.","Para eso se supone que debes votar.","","El punto de la representación no es que cada votante vote por cada política de forma indirecta, sino que los votantes voten por ""quién tiene sentido común"" o ""quién piensa como yo"" o ""quién parece sabio"" o características similares.","Que los votantes no tengan tiempo no es un concepto nuevo, está integrado en la base de cómo y por qué tenemos voto.","","","","","","","","","","","","","","","","","","","","","","","","","","","",""
"[borrado]","hace 7 m","Tu propuesta: [podría ser algo como una prueba cognitiva anual. Razonamiento básico y resolución de problemas para asegurar la capacidad]","es una contradicción total de una de tus premisas: [Mucha gente que es capaz de entender los matices de un tema complejo simplemente no tiene tiempo para profundizar en temas políticos. A menudo tienen trabajo y familias]","Eso me dice mucho.","","Este no es un caso en el que alguien pueda cambiar tu opinión, y este es un post falso para pedirnos que lo hagamos. Simplemente tienes valores políticos que son incompatibles con las normas democráticas modernas.","Finalmente, es indudable que tú y yo tenemos listas contradictorias de aquellos a quienes consideraríamos indignos.","","","","","","","","","","","","","","","","","","","","","","","","","","","",""
"Agreeable-Place-8095","hace 8 m","¿Y entonces, quién se lleva el voto?","Tu postura está bien chafa, ¿qué te hace pensar que un electorado bien chiquito va a tomar buenas decisiones? La historia ha demostrado que no es así, muchas veces. Antes, en los mismísimos Estados Unidos, solo los hombres blancos con propiedades podían votar, ¿fue un mejor resultado?","¿Y cómo vas a separar a los que tienen de los que no tienen? Si dices pruebas de alfabetización, pero ya se han intentado y han demostrado ser ineficaces y propensas a la corrupción.","","¿Y cuál es el punto de gobernar? ¿Solo funcionar o dar representación y voz a cada persona?","","","","","","","","","","","","","","","","","","","","","","","","","","","","",""
"Nefilim314","hace 8 m","CMV: este tipo no va a dar ninguna delta.","","","","","","","","","","","","","","","","","","","","","","","","","","","","","","","","",""
"purplezaku","hace 8 m","Hemos decidido que todos (en realidad, solo la mayoría) pueden votar por la razón que quieran. Sí, puede molestar a mucha gente, pero ese es el trato; la alternativa sería solo otra estructura de poder que llevaría a que un grupo no tenga acceso a un medio de poder.","","","","","","","","","","","","","","","","","","","","","","","","","","","","","","","","",""
"According-Rope-3513","hace 8 m","¿Te darías el privilegio de votar? Yo diría que, ¿ninguna persona tiene el tiempo y la capacidad de comprender todos los temas? ¿La prueba sería un aprobado/suspenso general o por tema? ¿Como que puedes recibir el privilegio de votar sobre impuestos pero no sobre salud pública?","","","","","","","","","","","","","","","","","","","","","","","","","","","","","","","","",""
"Tioben","hace 8 m","Ya solo 538 personas en un país de 330 millones tienen un voto  sobre qué leyes se hacen. Ellos tienen el tiempo y la capacidad. Así que ya tenemos lo que quieres, y no te gusta. El problema no es que haya poca democracia, sino que haya demasiada.","","","","de verdad","","","","","","","","","","","","","","","","","","","","","","","","","","","","",""
"Doub13D","hace 8 m","Tener el derecho a votar y  votar son dos cosas muy, muy diferentes…","Todos los ciudadanos deberían tener la posibilidad de votar, si así lo deciden.","Muchos ciudadanos ya no votan, desde la perspectiva gringa… eso es una falla del sistema, no del ciudadano.","","decidir","","","","","","","","","","","","","","","","","","","","","","","","","","","","",""
"envy341","hace 7 m","Ok, pero entonces, ¿quién decide quién es lo suficientemente ""capaz"" para votar? Eso parece súper problemático. Tira tu opinión al podio para debatir.","","","","","","","","","","","","","","","","","","","","","","","","","","","","","","","","",""
"[borrado]","hace 8 m","Deshágase de votar por completo y que una IA decida quién será el próximo presidente. Sencillo y 100% a prueba de tontos.","","","","","","","","","","","","","","","","","","","","","","","","","","","","","","","","",""
"sleepyj910","hace 8 m","Si restringen el voto, la mayoría define a la minoría y eso no es democracia, sino plutocracia.","","","","","","","","","","","","","","","","","","","","","","","","","","","","","","","","",""
"mildgorilla","hace 8 m","Sí, ya hemos intentado pruebas de alfabetización y sabemos cómo termina eso…","","","","","","","","","","","","","","","","","","","","","","","","","","","","","","","","",""
"Swimreadmed","hace 8 m","¿Cómo te estás organizando para votar? ¿Estás contando a los que votan por un solo tema?","","","","","","","","","","","","","","","","","","","","","","","","","","","","","","","","",""
"[borrado]","hace 8 m","¡De acuerdo! Los usuarios de reddit automáticamente NUNCA deberían poder votar.","","","","","","","","","","","","","","","","","","","","","","","","","","","","","","","","",""
"Thumatingra","hace 8 m","Si limitas el voto a ciertas poblaciones, el gobierno se va a enfocar en los intereses de esas poblaciones e ignorará al resto, porque no les rinden cuentas.","Así que, si limitas el voto solo a los que aprueban algún tipo de prueba cognitiva, es poco probable que el gobierno haga algo por los que no la aprueban, que son los que, probablemente, más necesitan los servicios del gobierno (educación, salud mental).","Además, ¿quién va a componer esa prueba y cómo se va a hacer que no tenga sesgos? Sabemos que los primeros carros que se conducían solos eran propensos a atropellar a gente negra, porque su muestra de entrenamiento para ""gente"" a evitar estaba abrumadoramente sesgada hacia los blancos, y literalmente no reconocían a la gente negra como ""gente"". ¿Cómo evitamos que la prueba tenga puntos de referencia que midan la ""capacidad cognitiva"" de maneras que favorezcan ciertos orígenes y desfavorezcan a otros?","No me encanta el sistema, pero la alternativa sería peor. La respuesta no es restringir el voto, sino ampliar la educación.","¿Que todos sean escuchados está perjudicando a la nación porque no votan como vos querés?","La infraestructura del estado afecta el comercio nacional. También afecta a la ciudadanía futura y su capacidad para contribuir a resultados positivos. Creo que es un poco más complicado de lo que estás describiendo, pero, tal vez no estoy entendiendo completamente el punto.","hace 8 m","No todos tienen la misma capacidad cognitiva. Es posible que haya patrones que surjan de los grupos, pero el problema en cuestión es la resolución de problemas y las habilidades de comprensión matizadas. El punto no es hacer que todo sea igual y hacer que todos sean escuchados. Mi premisa principal es que hacer que todos sean escuchados está perjudicando a la nación en general.","Tienes un buen punto al señalar el ""atender"" solo a aquellos que son elegibles para votar. Sin embargo, si la población está bien distribuida, entonces sería difícil enfocarse en ellos. ¿Cómo atenderían a estas personas?","Estás señalando que incluso si un lugar es una mierda, necesita infraestructura. Yo estoy señalando que la gente que es una mierda generalmente vive en lugares que son una mierda. Para que los lugares que son una mierda tengan la mejor representación, a esa gente que es una mierda se le debería permitir votar.","4","https://www.reddit.com/user/j3ffh/","j3ffh","•","https://www.reddit.com/r/changemyview/comments/1pijh5r/comment/nt6oo2v/?tl=es-419","hace 8 m","Digamos, por ejemplo, que todo un estado, al que llamaremos Lalabama porque es completamente inventado, tiene peores resultados educativos. ¿Deberíamos, como nación, dejar que esa región se venga abajo por completo solo porque no votan? ¿No deberían seguir teniendo carreteras, electricidad y agua corriente? Si un huracán golpea allí, ¿quién votará a favor de asignarles ayuda, especialmente si son de un estado vecino que compite por los mismos dólares de ayuda?","SML.load([""Ba0yFxR2Ju"",""BxkNG20Zxx"",""Dd8Mp-ATrL"",""DJq9gPbnVv""], 'es-MX/', 'auto');","3","https://www.reddit.com/r/changemyview/comments/1pijh5r/comment/nt6rnk5/?tl=es-419&force-legacy-sct=1","https://www.reddit.com/user/standarduser8/","Seguir leyendo este hilo","respuesta más","1","respuesta más","https://www.reddit.com/r/changemyview/comments/1pijh5r/comment/nt6oo2v/?tl=es-419&force-legacy-sct=1","Seguir leyendo este hilo","[object Object]","standarduser8","•","https://www.reddit.com/r/changemyview/comments/1pijh5r/comment/nt6vgno/?tl=es-419","hace 8 m","SML.load([""Ba0yFxR2Ju"",""BxkNG20Zxx"",""Dd8Mp-ATrL"",""DJq9gPbnVv""], 'es-MX/', 'auto');","1"
"CartographerKey4618","hace 8 m","¿Así que te parece bien que la gente más tonta de la sociedad no tenga otra forma de influir en el gobierno que la violencia?","","","","","En Estados Unidos la cosa es un poco particular porque sus ciudadanos están bien armados. Es un poco más difícil hacer una movida así, a menos que les hayas quitado las armas.","hace 8 m","Vale, esa sí que es difícil. Se convierte en una motivación extra para que el gobierno se ponga las pilas y mantenga a la gente contenta a un nivel más alto, ya que ya no pueden decir que el voto es una forma de ser escuchados.","","La idea de que un ejército moderno, y mucho menos el ejército de los Estados Unidos, si se lanzara contra su propia población, se viera amenazado por un montón de civiles con armas de fuego pequeñas es para reírse.","0","https://www.reddit.com/user/tbdabbholm/","tbdabbholm","•","https://www.reddit.com/r/changemyview/comments/1pijh5r/comment/nt6mma3/?tl=es-419","hace 8 m","Sí, eso es exactamente lo que todos los gobiernos le han hecho a la gente sin poder político. Un gobierno nunca ha ignorado por completo a las masas en favor de unos pocos poderosos","SML.load([""Ba0yFxR2Ju"",""BxkNG20Zxx"",""Dd8Mp-ATrL"",""DJq9gPbnVv""], 'es-MX/', 'auto');","3","https://www.reddit.com/r/changemyview/comments/1pijh5r/comment/nt6k7jg/?tl=es-419&force-legacy-sct=1","https://www.reddit.com/user/standarduser8/","Seguir leyendo este hilo","","","","https://www.reddit.com/r/changemyview/comments/1pijh5r/comment/nt6mma3/?tl=es-419&force-legacy-sct=1","Seguir leyendo este hilo","[object Object]","standarduser8","•","https://www.reddit.com/r/changemyview/comments/1pijh5r/comment/nt6wn19/?tl=es-419","hace 8 m","SML.load([""Ba0yFxR2Ju"",""BxkNG20Zxx"",""Dd8Mp-ATrL"",""DJq9gPbnVv""], 'es-MX/', 'auto');","1"
"Pasadenaian","hace 8 m","¿La gente no debería poder votar porque cae en la propaganda? ¿Has pensado que ese no es realmente el problema? El problema podría ser el gran dinero/intereses especiales que difunden propaganda: esa es la causa raíz.","","","","","","hace 8 m","A los que tienen mucha plata/intereses especiales les conviene la propaganda porque les da más ganancias. Sí, estaría bueno que dejaran de hacer eso, y creo que si la propaganda/el marketing diera menos ganancias que una discusión detallada sobre políticas, dejarían de usarla. La usan porque funciona. Funciona porque a la mayoría de la gente le cuesta ver más allá de eso. Se puede solucionar quitando el incentivo o bloqueando el proceso.","","","1","","","","","","","","","","","Seguir leyendo este hilo","","","","","","","","","","","",""
"Hellioning","hace 8 m","¿Quién hace estas pruebas, y cómo se aseguran de que no se conviertan en 'todos los que están de acuerdo con los que están en el poder son lo suficientemente inteligentes como para votar, todos los que no están de acuerdo son demasiado tontos para votar'?","","","Solo porque la prueba la mantiene una institución de terceros no significa que estará libre de sesgos. En todo caso, sesga las cosas hacia esa institución de terceros.","","Creo que estaba buscando ejercicios más concretos y objetivos.","hace 8 m","Las pruebas no tendrían que basarse en política. Más bien, en razonamiento y deducción. Encontrar fallas en la lógica de alguna pregunta del examen, resaltando matices en algún tema. Idealmente, la prueba la mantiene una institución de terceros. No sé cómo sería eso, pero la idea sería asegurar que esté libre de sesgos políticos y que solo mida el razonamiento.","","Todo el mundo tiene sus sesgos, así que quien haga esta prueba tendría que luchar activamente contra sus propios sesgos al hacerla, y luego quien revise la prueba para ver si hay sesgos tendría que luchar contra sus propios sesgos al revisarla, y esto tendría que seguir pasando para siempre mientras, te lo garantizo, la gente estaría gritando que cada resultado electoral que no les guste es un ejemplo de que la prueba está hecha con sesgos.","1","https://www.reddit.com/user/Hellioning/","Hellioning","•","https://www.reddit.com/r/changemyview/comments/1pijh5r/comment/nt6wbui/?tl=es-419","hace 8 m","Sería súper fácil escribir preguntas de razonamiento y deducción de maneras que fomenten ciertas opiniones y desalienten otras; ""casualmente"" haciendo que todos los ejemplos defectuosos sean de una inclinación política, por ejemplo, mientras se resalta el matiz en la opinión opuesta para que parezcan más razonables.","SML.load([""Ba0yFxR2Ju"",""BxkNG20Zxx"",""Dd8Mp-ATrL"",""DJq9gPbnVv""], 'es-MX/', 'auto');","1","https://www.reddit.com/r/changemyview/comments/1pijh5r/comment/nt6qk8z/?tl=es-419&force-legacy-sct=1","https://www.reddit.com/user/standarduser8/","Seguir leyendo este hilo","","","","https://www.reddit.com/r/changemyview/comments/1pijh5r/comment/nt6wbui/?tl=es-419&force-legacy-sct=1","Seguir leyendo este hilo","[object Object]","standarduser8","•","https://www.reddit.com/r/changemyview/comments/1pijh5r/comment/nt6zyc2/?tl=es-419","hace 8 m","SML.load([""Ba0yFxR2Ju"",""BxkNG20Zxx"",""Dd8Mp-ATrL"",""DJq9gPbnVv""], 'es-MX/', 'auto');","1"
"SteakAndIron","hace 8 m","Ciertas demografías rutinariamente sacan muy bajo en las pruebas de capacidad cognitiva. Gente negra de barrios marginales. Gente que creció en hogares monoparentales, los pobres, etc. Las pruebas de derechos de voto han existido en el pasado y se han usado una y otra vez para discriminar contra cualquier grupo que los poderes existentes quieran discriminar.","no deberían tomar decisiones por el resto de nosotros","","","","La respuesta sencilla es: Se vuelve cada vez más difícil administrar un examen a medida que se introduce la complejidad, y especializarse en un tema no se traduce en una comprensión completa de otros temas.","hace 8 m","Si una persona de cualquier grupo demográfico tiene problemas cognitivos, no es razonable que esa persona tenga tanta influencia en una elección como alguien que no los tiene.","Aunque podría haber un impacto desproporcionado en algún grupo a nivel estadístico, la realidad es que las personas con problemas cognitivos . No es diferente a las restricciones de voto basadas en la edad. Un niño que no entiende el mundo no debería tomar decisiones políticas, ¿entonces por qué alguien con la mente de un niño sí?","Ok, o sea, lo justo para marginar a la gente que no tiene buena vida familiar ni acceso a buena escuela. Roger that. Para nada se podría usar como arma.","0","https://www.reddit.com/user/SteakAndIron/","SteakAndIron","•","https://www.reddit.com/r/changemyview/comments/1pijh5r/comment/nt6nipi/?tl=es-419","hace 8 m","¿Y por qué parar ahí? ¿Por qué no dejar que solo los genios voten? Ellos van a entender los temas mejor que tú o yo. 150 de IQ y una maestría como mínimo.","SML.load([""Ba0yFxR2Ju"",""BxkNG20Zxx"",""Dd8Mp-ATrL"",""DJq9gPbnVv""], 'es-MX/', 'auto');","2","https://www.reddit.com/r/changemyview/comments/1pijh5r/comment/nt6k6qy/?tl=es-419&force-legacy-sct=1","https://www.reddit.com/user/TheBigGees/","Seguir leyendo este hilo","","","","https://www.reddit.com/r/changemyview/comments/1pijh5r/comment/nt6nipi/?tl=es-419&force-legacy-sct=1","Seguir leyendo este hilo","[object Object]","TheBigGees","•","https://www.reddit.com/r/changemyview/comments/1pijh5r/comment/nt6smup/?tl=es-419","hace 8 m","SML.load([""Ba0yFxR2Ju"",""BxkNG20Zxx"",""Dd8Mp-ATrL"",""DJq9gPbnVv""], 'es-MX/', 'auto');","1"